{"textures":{"0":"modelengine:entity/windmill_02"},"elements":[{"from":[3.4285712,-1.1428576,3.4285712],"to":[12.571428,8.0,12.571428],"rotation":{"angle":0.0,"axis":"y","origin":[8.0,3.4285712,8.0]},"faces":{"east":{"uv":[1.0,5.3125,2.0,6.3125],"rotation":0,"texture":"#0","tintindex":0},"south":{"uv":[2.0,5.3125,3.0,6.3125],"rotation":0,"texture":"#0","tintindex":0},"north":{"uv":[0.0,5.3125,1.0,6.3125],"rotation":0,"texture":"#0","tintindex":0},"west":{"uv":[3.0,5.3125,4.0,6.3125],"rotation":0,"texture":"#0","tintindex":0},"up":{"uv":[5.0,6.3125,4.0,5.3125],"rotation":0,"texture":"#0","tintindex":0},"down":{"uv":[6.0,5.3125,5.0,6.3125],"rotation":0,"texture":"#0","tintindex":0}}},{"from":[9.714286,8.0,5.142857],"to":[10.857143,11.428572,8.571428],"rotation":{"angle":0.0,"axis":"y","origin":[8.0,9.714286,4.5714283]},"faces":{"east":{"uv":[8.125,5.375,7.75,5.75],"rotation":0,"texture":"#0","tintindex":0},"south":{"uv":[8.25,5.375,8.125,5.75],"rotation":0,"texture":"#0","tintindex":0},"north":{"uv":[7.8125,5.375,7.6875,5.75],"rotation":0,"texture":"#0","tintindex":0},"west":{"uv":[7.75,5.375,8.125,5.75],"rotation":0,"texture":"#0","tintindex":0},"up":{"uv":[5.8125,5.3125,5.6875,5.625],"rotation":0,"texture":"#0","tintindex":0},"down":{"uv":[5.875,6.0,6.0,6.3125],"rotation":0,"texture":"#0","tintindex":0}}},{"from":[5.142857,8.0,5.142857],"to":[6.285714,11.428572,8.571428],"rotation":{"angle":0.0,"axis":"y","origin":[8.0,9.714286,4.5714283]},"faces":{"east":{"uv":[8.125,5.375,7.75,5.75],"rotation":0,"texture":"#0","tintindex":0},"south":{"uv":[8.125,5.375,8.25,5.75],"rotation":0,"texture":"#0","tintindex":0},"north":{"uv":[7.6875,5.8125,7.8125,6.1875],"rotation":0,"texture":"#0","tintindex":0},"west":{"uv":[7.75,5.375,8.125,5.75],"rotation":0,"texture":"#0","tintindex":0},"up":{"uv":[5.8125,5.3125,5.6875,5.625],"rotation":0,"texture":"#0","tintindex":0},"down":{"uv":[6.0,6.0,5.875,6.3125],"rotation":0,"texture":"#0","tintindex":0}}},{"from":[9.714286,8.0,10.857143],"to":[10.857143,11.428572,12.571428],"rotation":{"angle":0.0,"axis":"y","origin":[8.0,9.714286,4.5714283]},"faces":{"east":{"uv":[7.875,6.1875,7.6875,5.8125],"rotation":0,"texture":"#0","tintindex":0},"south":{"uv":[8.25,5.375,8.125,5.75],"rotation":0,"texture":"#0","tintindex":0},"north":{"uv":[7.8125,5.375,7.6875,5.75],"rotation":0,"texture":"#0","tintindex":0},"west":{"uv":[5.75,5.6875,5.9375,6.0625],"rotation":0,"texture":"#0","tintindex":0},"up":{"uv":[5.9375,5.8125,5.75,5.6875],"rotation":0,"texture":"#0","tintindex":0},"down":{"uv":[5.875,5.75,6.0,5.625],"rotation":0,"texture":"#0","tintindex":0}}},{"from":[5.142857,8.0,10.857143],"to":[6.285714,11.428572,12.571428],"rotation":{"angle":0.0,"axis":"y","origin":[8.0,9.714286,4.5714283]},"faces":{"east":{"uv":[5.125,5.3125,5.0,5.6875],"rotation":0,"texture":"#0","tintindex":0},"south":{"uv":[8.125,5.375,8.25,5.75],"rotation":0,"texture":"#0","tintindex":0},"north":{"uv":[7.6875,5.8125,7.8125,6.1875],"rotation":0,"texture":"#0","tintindex":0},"west":{"uv":[7.6875,6.1875,7.875,5.8125],"rotation":0,"texture":"#0","tintindex":0},"up":{"uv":[5.125,5.3125,5.0,5.4375],"rotation":0,"texture":"#0","tintindex":0},"down":{"uv":[5.125,5.5625,5.0,5.6875],"rotation":0,"texture":"#0","tintindex":0}}},{"from":[5.142857,11.428572,5.142857],"to":[10.857143,12.571428,8.571428],"rotation":{"angle":0.0,"axis":"y","origin":[8.0,9.714286,4.5714283]},"faces":{"east":{"uv":[8.125,6.375,7.75,6.25],"rotation":0,"texture":"#0","tintindex":0},"south":{"uv":[7.625,5.875,8.25,5.75],"rotation":0,"texture":"#0","tintindex":0},"north":{"uv":[8.25,5.875,7.625,5.75],"rotation":0,"texture":"#0","tintindex":0},"west":{"uv":[8.125,6.375,7.75,6.25],"rotation":0,"texture":"#0","tintindex":0},"up":{"uv":[8.125,5.75,7.25,5.375],"rotation":0,"texture":"#0","tintindex":0},"down":{"uv":[8.125,5.75,7.25,5.375],"rotation":0,"texture":"#0","tintindex":0}}},{"from":[5.142857,11.428572,10.857143],"to":[10.857143,12.571428,12.571428],"rotation":{"angle":0.0,"axis":"y","origin":[8.0,9.714286,4.5714283]},"faces":{"east":{"uv":[7.5625,5.8125,7.75,5.6875],"rotation":0,"texture":"#0","tintindex":0},"south":{"uv":[7.625,5.875,8.25,5.75],"rotation":0,"texture":"#0","tintindex":0},"north":{"uv":[7.625,5.875,8.25,5.75],"rotation":0,"texture":"#0","tintindex":0},"west":{"uv":[7.75,5.8125,7.5625,5.6875],"rotation":0,"texture":"#0","tintindex":0},"up":{"uv":[7.625,5.6875,8.25,5.875],"rotation":0,"texture":"#0","tintindex":0},"down":{"uv":[7.625,5.625,8.25,5.8125],"rotation":0,"texture":"#0","tintindex":0}}}],"display":{"head":{"translation":[0.0,-6.4,0.0],"scale":[4.0,4.0,4.0]}}}